feature,importance
Stage,0.10205608696088571
Age,0.0574359386134838
Tx Modality,0.034746715379751325
